timestamp,name,email,password,age,gender,educationLevel,personalityType,phoneNumber,city,state,interests
2025-09-07T19:28:14Z,Nikhil Pandey,nikhilpan92@gmail.com,nik314pa,26,Male,intermediate-12th,Extrovert,9.19988E+11,Mumbai,Maharashtra,"Art, Design, Creative writing"
2025-09-22T20:01:23Z,Sonia Srivastava,soniasri11@gmail.com,son291sr,16,Female,diploma,Introvert,9.17766E+11,Delhi,Delhi,"Literature, Poetry, Blogging"
2025-09-27T09:27:59Z,Shreya Kumar,shreyakum60@gmail.com,shr746ku,24,Female,phd,Introvert,9.19988E+11,Bangalore,Karnataka,"Teaching, Public speaking"
2025-09-18T08:25:52Z,Rekha Bhatia,rekhabha69@gmail.com,rek554bh,27,Female,bachelors,Ambivert,9.17655E+11,Hyderabad,Telangana,"Literature, Poetry, Blogging"
2025-09-04T17:39:03Z,Pooja Singh,poojasin63@gmail.com,poo576si,33,Female,intermediate-11th,Introvert,9.16789E+11,Chennai,Tamil Nadu,"Sports, Fitness, Yoga"
2025-09-14T15:14:07Z,Shweta Dubey,shwetadub94@gmail.com,shw819du,28,Female,intermediate-11th,Ambivert,9.18877E+11,Kolkata,West Bengal,"Movies, Animation, Video editing"
2025-09-09T14:44:00Z,Deepak Reddy,deepakred97@gmail.com,dee228re,27,Male,phd,Ambivert,9.17654E+11,Pune,Maharashtra,"Technology, AI, Machine Learning"
2025-09-03T02:32:58Z,Neeraj Bhatia,neerajbha16@gmail.com,nee300bh,23,Male,diploma,Introvert,9.19876E+11,Ahmedabad,Gujarat,"Science, Research, Innovation"
2025-09-03T11:39:21Z,Ashish Sharma,ashishsha56@gmail.com,ash561sh,18,Male,high-school,Extrovert,9.1679E+11,Jaipur,Rajasthan,"Teaching, Public speaking"
2025-09-07T08:14:14Z,Mira Jindal,mirajin61@gmail.com,mir195ji,19,Female,masters,Extrovert,91912382727,Lucknow,Uttar Pradesh,"Movies, Animation, Video editing"
2025-09-15T10:28:35Z,Ajay Jain,ajayjai68@gmail.com,aja342ja,17,Male,intermediate-11th,Extrovert,9.1789E+11,Kochi,Kerala,"Music, Dancing, Singing"
2025-09-28T11:43:19Z,Annie Bhatia,anniebha98@gmail.com,ann330bh,16,Female,high-school,Extrovert,9.17891E+11,Indore,Madhya Pradesh,"Movies, Animation, Video editing"
2025-09-09T02:38:05Z,Kiran Reddy,kiranred71@gmail.com,kir776re,16,Female,intermediate-12th,Introvert,9.18456E+11,Bhopal,Madhya Pradesh,"Social work, Volunteering"
2025-09-20T16:48:57Z,Alina Shukla,alinashu11@gmail.com,ali486sh,32,Female,bachelors,Extrovert,9.18456E+11,Coimbatore,Tamil Nadu,"Literature, Poetry, Blogging"
2025-09-02T01:27:53Z,Tarun Jindal,tarunjin10@gmail.com,tar502ji,17,Male,bachelors,Introvert,9.17767E+11,Nagpur,Maharashtra,"Sports, Fitness, Yoga"
2025-09-23T10:55:58Z,Vivek Arora,vivekaro78@gmail.com,viv983ar,17,Male,masters,Introvert,9.19876E+11,Patna,Bihar,"Music, Dancing, Singing"
2025-09-16T02:19:59Z,Pankaj Mishra,pankajmis76@gmail.com,pan610mi,34,Male,diploma,Ambivert,9.19989E+11,Agra,Uttar Pradesh,"Coding, Gaming, Music"
2025-09-08T06:17:39Z,Raj Bhatia,rajbha66@gmail.com,raj572bh,33,Male,phd,Ambivert,9.1679E+11,Vadodara,Gujarat,"Cooking, Food blogging, Travel"
2025-09-28T15:25:47Z,Arjun Sharma,arjunsha57@gmail.com,arj353sh,27,Male,bachelors,Extrovert,9.19124E+11,Ludhiana,Punjab,"Social work, Volunteering"
2025-09-03T18:47:15Z,Akash Arora,akasharo63@gmail.com,aka219ar,16,Male,diploma,Ambivert,9.19876E+11,Kanpur,Uttar Pradesh,"Sports, Fitness, Yoga"
2025-09-06T07:19:34Z,Jyoti Singhal,jyotisin34@gmail.com,jyo960si,33,Female,masters,Introvert,9.18765E+11,Thane,Maharashtra,"Art, Design, Creative writing"
2025-09-16T08:35:32Z,Usha Thomas,ushatho30@gmail.com,ush915th,23,Female,phd,Ambivert,9.19877E+11,Visakhapatnam,Andhra Pradesh,"Coding, Gaming, Music"
2025-09-16T11:58:50Z,Nidhi Kapoor,nidhikap47@gmail.com,nid329ka,28,Female,intermediate-12th,Introvert,9184562581,Meerut,Uttar Pradesh,"Reading, Writing, Photography"
2025-09-21T00:27:46Z,Usha Gupta,ushagup70@gmail.com,ush915gu,34,Female,diploma,Ambivert,9.19877E+11,Rajkot,Gujarat,"Literature, Poetry, Blogging"
2025-09-12T13:52:05Z,Tarun Arora,tarunaro55@gmail.com,tar280ar,18,Male,diploma,Extrovert,9.19988E+11,Varanasi,Uttar Pradesh,"Coding, Gaming, Music"
2025-09-03T17:24:41Z,Ankit Dubey,ankitdub55@gmail.com,ank891du,33,Male,phd,Introvert,9.19124E+11,Srinagar,Jammu and Kashmir,"Business, Entrepreneurship"
2025-09-02T16:39:32Z,Neeraj Sethi,neerajset51@gmail.com,nee858se,18,Male,intermediate-11th,Extrovert,9.18457E+11,Aurangabad,Maharashtra,"Cooking, Food blogging, Travel"
2025-09-25T03:44:19Z,Nikhil Iyer,nikhiliye23@gmail.com,nik982iy,30,Male,diploma,Introvert,9.18766E+11,Dhanbad,Jharkhand,"Programming, Web development"
2025-09-25T21:57:57Z,Pooja Roy,poojaroy63@gmail.com,poo543ro,20,Female,high-school,Extrovert,9.18878E+11,Amritsar,Punjab,"Music, Dancing, Singing"
2025-09-13T19:29:46Z,Sumit Iyer,sumitiye22@gmail.com,sum469iy,25,Male,masters,Ambivert,9.19877E+11,Allahabad,Uttar Pradesh,"Programming, Web development"
2025-09-28T22:25:36Z,Shweta Reddy,shwetared21@gmail.com,shw740re,16,Female,phd,Introvert,9.17766E+11,Mumbai,Maharashtra,"Technology, AI, Machine Learning"
2025-09-13T20:00:15Z,Neeraj Gupta,neerajgup31@gmail.com,nee960gu,18,Male,diploma,Introvert,9.17654E+11,Delhi,Delhi,"Teaching, Public speaking"
2025-09-28T04:46:48Z,Meera Grant,meeragra25@gmail.com,mee317gr,31,Female,bachelors,Ambivert,9.19989E+11,Bangalore,Karnataka,"Science, Research, Innovation"
2025-09-23T09:53:04Z,Radha Goyal,radhagoy19@gmail.com,rad861go,34,Female,intermediate-11th,Extrovert,91845610954,Hyderabad,Telangana,"Movies, Animation, Video editing"
2025-09-04T15:23:15Z,Arjun Bhatia,arjunbha41@gmail.com,arj574bh,27,Male,intermediate-11th,Ambivert,919876104,Chennai,Tamil Nadu,"Programming, Web development"
2025-09-11T04:11:02Z,Manoj Dubey,manojdub83@gmail.com,man142du,27,Male,bachelors,Extrovert,91876572182,Kolkata,West Bengal,"Programming, Web development"
2025-09-18T02:22:16Z,Riya Sethi,riyaset35@gmail.com,riy701se,17,Female,intermediate-12th,Extrovert,9.19123E+11,Pune,Maharashtra,"Photography, Videography"
2025-09-13T10:28:55Z,Jyoti Pandey,jyotipan45@gmail.com,jyo493pa,20,Female,high-school,Ambivert,9.19877E+11,Ahmedabad,Gujarat,"Finance, Investment, Economics"
2025-09-04T17:48:38Z,Komal Bansal,komalban71@gmail.com,kom835ba,20,Female,diploma,Extrovert,9.19124E+11,Jaipur,Rajasthan,"Art, Design, Creative writing"
2025-09-09T16:48:19Z,Jyoti Saxena,jyotisax22@gmail.com,jyo798sa,34,Female,high-school,Extrovert,9.17891E+11,Lucknow,Uttar Pradesh,"Cooking, Food blogging, Travel"
2025-09-28T13:30:51Z,Aditya Gupta,adityagup21@gmail.com,adi124gu,19,Male,bachelors,Ambivert,9.17891E+11,Kochi,Kerala,"Movies, Animation, Video editing"
2025-09-21T09:57:38Z,Nisha Gupta,nishagup44@gmail.com,nis314gu,26,Female,intermediate-12th,Introvert,9.1789E+11,Indore,Madhya Pradesh,"Fashion, Styling, Beauty"
2025-09-17T05:06:45Z,Sumit Reddy,sumitred59@gmail.com,sum894re,17,Male,bachelors,Extrovert,9.18877E+11,Bhopal,Madhya Pradesh,"Programming, Web development"
2025-09-08T15:44:00Z,Swati Jain,swatijai98@gmail.com,swa400ja,19,Female,diploma,Introvert,9.17654E+11,Coimbatore,Tamil Nadu,"Fashion, Styling, Beauty"
2025-09-22T06:26:09Z,Sunita Shukla,sunitashu76@gmail.com,sun272sh,28,Female,intermediate-11th,Introvert,9.16789E+11,Nagpur,Maharashtra,"Technology, AI, Machine Learning"
2025-09-29T08:38:00Z,Pranav Bhatia,pranavbha71@gmail.com,pra604bh,32,Male,high-school,Extrovert,9.17766E+11,Patna,Bihar,"Music, Dancing, Singing"
2025-09-26T11:44:31Z,Harsh Iyer,harshiye94@gmail.com,har302iy,20,Male,diploma,Ambivert,9.17654E+11,Agra,Uttar Pradesh,"Photography, Videography"
2025-09-15T08:48:13Z,Kunal Sharma,kunalsha63@gmail.com,kun985sh,18,Male,phd,Extrovert,9.16789E+11,Vadodara,Gujarat,"Technology, AI, Machine Learning"
2025-09-06T11:23:27Z,Nikhil Bhatia,nikhilbha45@gmail.com,nik189bh,23,Male,intermediate-11th,Introvert,9.18877E+11,Ludhiana,Punjab,"Sports, Fitness, Yoga"
2025-09-27T21:16:08Z,Akash Das,akashdas38@gmail.com,aka657da,18,Male,bachelors,Introvert,9.18766E+11,Kanpur,Uttar Pradesh,"Science, Research, Innovation"
2025-09-15T01:09:55Z,Meera Agrawal,meeraagr74@gmail.com,mee245ag,30,Female,high-school,Ambivert,9.18877E+11,Thane,Maharashtra,"Literature, Poetry, Blogging"
2025-09-13T00:33:40Z,Aarav Pandey,aaravpan64@gmail.com,aar617pa,32,Male,bachelors,Ambivert,9.18877E+11,Visakhapatnam,Andhra Pradesh,"Art, Design, Creative writing"
2025-09-21T22:36:52Z,Amit Nair,amitnai92@gmail.com,ami244na,29,Male,high-school,Introvert,9.19877E+11,Meerut,Uttar Pradesh,"Movies, Animation, Video editing"
2025-09-13T03:00:48Z,Asha Mittal,ashamit81@gmail.com,ash650mi,17,Female,masters,Introvert,9.17655E+11,Rajkot,Gujarat,"Photography, Videography"
2025-09-12T00:53:43Z,Varun Kapoor,varunkap66@gmail.com,var500ka,31,Male,phd,Ambivert,9.19123E+11,Varanasi,Uttar Pradesh,"Science, Research, Innovation"
2025-09-21T13:01:10Z,Neeraj Srivastava,neerajsri73@gmail.com,nee863sr,17,Male,masters,Introvert,9.18766E+11,Srinagar,Jammu and Kashmir,"Healthcare, Psychology"
2025-09-27T18:33:51Z,Vivek Agrawal,vivekagr97@gmail.com,viv434ag,25,Male,intermediate-12th,Extrovert,91887746534,Aurangabad,Maharashtra,"Sports, Fitness, Yoga"
2025-09-10T23:16:09Z,Akash Arora,akasharo78@gmail.com,aka645ar,21,Male,bachelors,Introvert,9.17655E+11,Dhanbad,Jharkhand,"Finance, Investment, Economics"
2025-09-11T21:15:07Z,Shanti Singh,shantisin65@gmail.com,sha380si,18,Female,intermediate-12th,Ambivert,91876565302,Amritsar,Punjab,"Programming, Web development"
2025-09-19T20:04:17Z,Nidhi Pandey,nidhipan79@gmail.com,nid612pa,20,Female,high-school,Introvert,9.18765E+11,Allahabad,Uttar Pradesh,"Teaching, Public speaking"
2025-09-26T12:26:08Z,Nidhi Kapoor,nidhikap72@gmail.com,nid147ka,32,Female,intermediate-11th,Extrovert,91845657293,Mumbai,Maharashtra,"Marketing, Social media"
2025-09-15T14:55:21Z,Rashmi Bhatia,rashmibha96@gmail.com,ras177bh,17,Female,bachelors,Introvert,91845635893,Delhi,Delhi,"Cooking, Food blogging, Travel"
2025-09-03T14:22:45Z,Manish Srivastava,manishsri24@gmail.com,man291sr,20,Male,diploma,Introvert,9.19123E+11,Bangalore,Karnataka,"Literature, Poetry, Blogging"
2025-09-07T21:25:43Z,Siddharth Das,siddharthdas93@gmail.com,sid124da,19,Male,intermediate-11th,Ambivert,9.17891E+11,Hyderabad,Telangana,"Photography, Videography"
2025-09-15T03:46:21Z,Riya Dubey,riyadub92@gmail.com,riy653du,24,Female,bachelors,Introvert,9.19989E+11,Chennai,Tamil Nadu,"Reading, Writing, Photography"
2025-09-27T23:58:44Z,Lata Agrawal,lataagr62@gmail.com,lat761ag,21,Female,masters,Ambivert,91998828721,Kolkata,West Bengal,"Social work, Volunteering"
2025-09-23T02:50:30Z,Lata Goel,latagoe33@gmail.com,lat322go,21,Female,intermediate-11th,Ambivert,9.19989E+11,Pune,Maharashtra,"Music, Dancing, Singing"
2025-09-22T16:29:55Z,Sneha Roy,sneharoy84@gmail.com,sne491ro,34,Female,bachelors,Extrovert,9.17767E+11,Ahmedabad,Gujarat,"Sports, Fitness, Yoga"
2025-09-19T19:32:19Z,Karan Sharma,karansha23@gmail.com,kar419sh,21,Male,bachelors,Introvert,9.19988E+11,Jaipur,Rajasthan,"Nature, Hiking, Environment"
2025-09-03T00:05:49Z,Divya Gupta,divyagup32@gmail.com,div749gu,27,Female,intermediate-11th,Extrovert,9.18456E+11,Lucknow,Uttar Pradesh,"Marketing, Social media"
2025-09-01T04:08:16Z,Raj Roy,rajroy33@gmail.com,raj649ro,18,Male,masters,Ambivert,9.19877E+11,Kochi,Kerala,"Fashion, Styling, Beauty"
2025-09-18T13:52:55Z,Rahul Mittal,rahulmit85@gmail.com,rah646mi,16,Male,masters,Extrovert,9.18456E+11,Indore,Madhya Pradesh,"Social work, Volunteering"
2025-09-05T13:59:29Z,Harsh Bhardwaj,harshbha14@gmail.com,har950bh,29,Male,intermediate-11th,Introvert,9.19988E+11,Bhopal,Madhya Pradesh,"Movies, Animation, Video editing"
2025-09-10T17:39:07Z,Sumit Thomas,sumittho41@gmail.com,sum790th,21,Male,high-school,Ambivert,9.19876E+11,Coimbatore,Tamil Nadu,"Literature, Poetry, Blogging"
2025-09-01T14:54:01Z,Shanti Dubey,shantidub60@gmail.com,sha138du,34,Female,masters,Introvert,9.17654E+11,Nagpur,Maharashtra,"Programming, Web development"
2025-09-08T09:51:14Z,Yash Agrawal,yashagr36@gmail.com,yas519ag,21,Male,high-school,Extrovert,9.18877E+11,Patna,Bihar,"Coding, Gaming, Music"
2025-09-30T03:21:01Z,Meera Nair,meeranai47@gmail.com,mee258na,30,Female,diploma,Extrovert,9.18457E+11,Agra,Uttar Pradesh,"Healthcare, Psychology"
2025-09-29T07:04:28Z,Rohit Grant,rohitgra54@gmail.com,roh229gr,34,Male,intermediate-12th,Introvert,9.18878E+11,Vadodara,Gujarat,"Nature, Hiking, Environment"
2025-09-30T09:39:37Z,Riya Bansal,riyaban56@gmail.com,riy445ba,29,Female,intermediate-12th,Introvert,9.18456E+11,Ludhiana,Punjab,"Photography, Videography"
2025-09-25T00:46:39Z,Alina Goel,alinagoe77@gmail.com,ali232go,20,Female,phd,Introvert,9.19877E+11,Kanpur,Uttar Pradesh,"Social work, Volunteering"
2025-09-22T18:28:13Z,Nidhi Anthony,nidhiant32@gmail.com,nid868an,29,Female,bachelors,Extrovert,9.16789E+11,Thane,Maharashtra,"Sports, Fitness, Yoga"
2025-09-22T22:56:00Z,Sumit Roy,sumitroy30@gmail.com,sum530ro,24,Male,bachelors,Extrovert,9.1679E+11,Visakhapatnam,Andhra Pradesh,"Social work, Volunteering"
2025-09-03T19:24:25Z,Vivek Patel,vivekpat16@gmail.com,viv309pa,17,Male,intermediate-12th,Extrovert,9.17655E+11,Meerut,Uttar Pradesh,"Cooking, Food blogging, Travel"
2025-09-20T05:52:23Z,Yash Saxena,yashsax35@gmail.com,yas255sa,33,Male,bachelors,Extrovert,9.19124E+11,Rajkot,Gujarat,"Marketing, Social media"
2025-09-09T16:19:53Z,Poonam Dubey,poonamdub58@gmail.com,poo426du,16,Female,bachelors,Introvert,9.19123E+11,Varanasi,Uttar Pradesh,"Programming, Web development"
2025-09-30T16:44:28Z,Aditi Dubey,aditidub28@gmail.com,adi117du,16,Female,masters,Ambivert,9.18765E+11,Srinagar,Jammu and Kashmir,"Literature, Poetry, Blogging"
2025-09-18T05:50:03Z,Nikhil Sethi,nikhilset64@gmail.com,nik970se,18,Male,intermediate-11th,Introvert,9.17655E+11,Aurangabad,Maharashtra,"Reading, Writing, Photography"
2025-09-28T00:22:54Z,Asha Jain,ashajai17@gmail.com,ash932ja,18,Female,phd,Ambivert,9.18457E+11,Dhanbad,Jharkhand,"Healthcare, Psychology"
2025-09-05T02:50:32Z,Riya Mittal,riyamit44@gmail.com,riy195mi,29,Female,masters,Ambivert,9.19988E+11,Amritsar,Punjab,"Science, Research, Innovation"
2025-09-22T20:13:30Z,Manish Jain,manishjai83@gmail.com,man874ja,16,Male,phd,Extrovert,9.17654E+11,Allahabad,Uttar Pradesh,"Programming, Web development"
2025-09-04T17:01:00Z,Vikram Tiwari,vikramtiw20@gmail.com,vik845ti,17,Male,intermediate-12th,Ambivert,9.19123E+11,Mumbai,Maharashtra,"Science, Research, Innovation"
2025-09-05T05:29:08Z,Sapna Saxena,sapnasax33@gmail.com,sap692sa,25,Female,masters,Ambivert,9.19123E+11,Delhi,Delhi,"Literature, Poetry, Blogging"
2025-09-18T18:16:13Z,Sumit Patel,sumitpat34@gmail.com,sum458pa,24,Male,masters,Introvert,9.19989E+11,Bangalore,Karnataka,"Movies, Animation, Video editing"
2025-09-02T22:36:10Z,Preeti Pandey,preetipan51@gmail.com,pre455pa,24,Female,masters,Introvert,9.19876E+11,Hyderabad,Telangana,"Music, Dancing, Singing"
2025-09-26T11:22:52Z,Nidhi Pandey,nidhipan36@gmail.com,nid924pa,21,Female,intermediate-12th,Introvert,9.17891E+11,Chennai,Tamil Nadu,"Cooking, Food blogging, Travel"
2025-09-10T12:16:25Z,Shubham Patel,shubhampat63@gmail.com,shu462pa,16,Male,intermediate-12th,Extrovert,9.19989E+11,Kolkata,West Bengal,"Nature, Hiking, Environment"
2025-09-08T10:35:48Z,Neeraj Dubey,neerajdub63@gmail.com,nee197du,30,Male,masters,Introvert,9.18878E+11,Pune,Maharashtra,"Coding, Gaming, Music"
2025-09-26T03:46:19Z,Ashish Mehta,ashishmeh71@gmail.com,ash606me,28,Male,intermediate-12th,Introvert,9.17891E+11,Ahmedabad,Gujarat,"Reading, Writing, Photography"
2025-09-21T08:08:39Z,Aarav Chopra,aaravcho70@gmail.com,aar715ch,25,Male,high-school,Ambivert,9.17654E+11,Jaipur,Rajasthan,"Photography, Videography"
2025-09-05T11:43:50Z,Sushma Mittal,sushmamit21@gmail.com,sus374mi,20,Female,diploma,Ambivert,9.19877E+11,Lucknow,Uttar Pradesh,"Literature, Poetry, Blogging"
